{
  "author": "Terry Moore II",
  "name": "angular-azure-mobile-service",
  "description": "Angular Azure Mobile Service",
  "version": "1.3.8",
  "homepage": "https://github.com/TerryMooreII/angular-azure-mobile-service.git",
  "main": "./dist/angular-azure-mobile-service.min.js",
  "dependencies": {
    "angular": ">= 1.0.0"
  },
  "_release": "1.3.8",
  "_resolution": {
    "type": "version",
    "tag": "v1.3.8",
    "commit": "a7f85271432a813114b650b5d849d3f931483e1b"
  },
  "_source": "git://github.com/TerryMooreII/angular-azure-mobile-service.git",
  "_target": "~1.3.8",
  "_originalSource": "angular-azure-mobile-service",
  "_direct": true
}