{
  "name": "pubnub",
  "version": "3.7.11",
  "main": "web/pubnub.min.js",
  "license": "https://github.com/pubnub/javascript/blob/master/LICENSE",
  "ignore": [
    "**/*",
    "!web/pubnub.js",
    "!web/pubnub.min.js"
  ],
  "keywords": [
    "pubnub",
    "javascript",
    "realtime"
  ],
  "homepage": "https://github.com/pubnub/javascript",
  "_release": "3.7.11",
  "_resolution": {
    "type": "version",
    "tag": "3.7.11",
    "commit": "2840156ea28f71ec2345db5ad3848dd4e69700af"
  },
  "_source": "git://github.com/pubnub/javascript.git",
  "_target": "~3.7.11",
  "_originalSource": "pubnub",
  "_direct": true
}