{
  "name": "angular-cookies",
  "version": "1.3.15",
  "main": "./angular-cookies.js",
  "ignore": [],
  "dependencies": {
    "angular": "1.3.15"
  },
  "homepage": "https://github.com/angular/bower-angular-cookies",
  "_release": "1.3.15",
  "_resolution": {
    "type": "version",
    "tag": "v1.3.15",
    "commit": "846700fd8e45eefa1a43cf1865bcb7aaf95a68e0"
  },
  "_source": "git://github.com/angular/bower-angular-cookies.git",
  "_target": "~1.3.15",
  "_originalSource": "angular-cookies",
  "_direct": true
}